City_EN,Prov_EN,death_rate,T_C_210114,T_D_210114,avg_co,avg_no2,avg_o3,avg_pm10,avg_pm2.5,avg_so2,total_pop,total_area
Beijing,Beijing,0.009009009009009009,999,9,0.6304376436025617,29.115675196749308,63.105181775168795,56.549633677374175,38.4742105553125,3.644160263222408,18827262,0.853266458
Tianjin,Tianjin,0.009259259259259259,324,3,0.8883900349742139,38.833505108405184,65.86036422861905,68.08906152550068,48.15490136201262,8.436657619227388,11090783,0.583951623
Shijiazhuang,Hebei,0.0017857142857142857,560,1,0.9220896729945004,40.54009953843513,62.663969682391404,103.5020760694772,58.62563254802205,12.237775561014413,10163788,1.444669585
Tangshan,Hebei,0.017241379310344827,58,1,1.20593394354469,45.79970899558107,60.909307641090294,88.67403316328289,49.03434923170885,18.094685178421923,7577289,1.370086952
Qinhuangdao,Hebei,0.1,10,1,0.8392269472876651,33.918477280808375,66.36880451901011,63.18571116378632,34.374254968193554,14.59473650604726,2987605,0.819424599
Handan,Hebei,0,32,0,0.9700080517519469,34.29201512568246,68.42671683941846,103.19505436348797,56.70963267702565,14.27342696998595,9174683,1.214557243
Xingtai,Hebei,0.017543859649122806,57,1,1.0949134539527114,36.69383671097147,65.4822385957123,93.49627434987322,53.30546442200513,14.765548943589469,7104103,1.266408195
Baoding,Hebei,0,34,0,0.7469503297428344,36.02625827383613,63.99265452289314,86.28342168993461,50.33590771055599,11.089636431738954,11194382,2.318843502
Zhangjiakou,Hebei,0,43,0,0.611569661918044,19.175943321332245,76.38051849972172,54.567252003238515,24.339145962443745,11.183968464788487,4345485,3.920344231
Chengde,Hebei,0,7,0,0.8495790594010773,31.16218536598531,57.99987946891069,55.40233327860377,27.292868864661745,12.051773031571019,3473201,4.257415786
Cangzhou,Hebei,0.061224489795918366,49,3,0.752003425182218,31.730559775070205,72.12769864395466,80.5785100459548,46.30236714830439,10.941525705195941,7134062,1.452542888
Langfang,Hebei,0,33,0,0.6829623622987161,35.72943688587702,65.46621745950242,76.28219422161085,42.17804037014788,8.011284219052534,4358839,0.669868741
Hengshui,Hebei,0,8,0,0.7252272004383142,30.127445487971038,73.93212889946199,82.48945788818858,51.13563850611477,12.128122292923686,4340773,0.902424229
Taiyuan,Shanxi,0,21,0,0.9289645880130334,45.360863467409,60.52663364177197,97.79107661250175,54.31296831442896,16.955599675509475,4201592,0.714819545
Datong,Shanxi,0,12,0,1.0737017488464708,31.237409109793923,62.84027693270178,76.26320454549929,30.664183797293234,29.241045557083996,3318054,1.476837726
Yangquan,Shanxi,0,4,0,0.977104974574411,41.06974454391303,65.29398501336647,78.67442029403993,45.834146601582766,19.79968380072461,1368502,0.469727779
Changzhi,Shanxi,0,8,0,1.1412895002589414,30.918442307382904,76.82105978707592,78.38408071288079,44.75311981154789,16.785709772249483,3334565,1.406075314
Jincheng,Shanxi,0,10,0,1.1926514938321493,31.22761719429538,76.12564067434568,99.17488109601686,46.401645052371336,12.705689274831064,2279146,0.942195853
Shuozhou,Shanxi,0,8,0,0.7715097977288369,32.21222443313386,65.4537750760515,92.98765183091537,37.691175238821145,25.696874751342722,1714857,1.117872028
Jinzhong,Shanxi,0,38,0,0.8545737997073203,35.961688070676466,65.57969655619162,76.75686757245523,42.15294534175109,19.77827737874706,3249425,1.663909919
Yuncheng,Shanxi,0,19,0,1.010735475080455,26.120291627148582,77.22219701327525,88.4025054076639,55.43500475304032,12.7930677836228,5134779,1.395039705
Xinzhou,Shanxi,0,7,0,0.8467025922797623,34.7118255142254,63.085882474839785,71.72352723707918,43.91149672328484,20.415925006120656,3067503,2.607352747
Linfen,Shanxi,0,2,0,1.2219850491818738,37.79610824187389,64.17010418722067,86.75818004659402,51.69394436261091,18.093765605806862,4316610,2.022273138
Lvliangdiqu,Shanxi,0,6,0,0.7024197326527085,38.56096785104566,47.48976264224533,89.86433336153236,33.71345059892425,18.150404258584622,3727068,2.144966809
Huhehaote,Neimenggu,0,7,0,0.9610220195369208,31.94830817681725,60.13351189259742,78.07051528936046,41.3319069630308,12.404204075527142,2866615,1.823507336
Baotou,Neimenggu,0,11,0,1.2074977655990806,38.190936533208856,55.9431713322637,83.29379810212599,44.28967715503405,19.93793709041613,2650364,2.993991556
Wuhai,Neimenggu,0,2,0,0.9274111256562851,27.813057360649992,70.19646086401605,91.20733519537052,33.65526164154633,26.34802969154704,532902,0.160799115
Chifeng,Neimenggu,0,9,0,0.6699586782813157,24.269337166578655,62.7175860726645,53.90436601464491,25.04318185419242,15.044277331012827,4341245,9.433502467
Tongliao,Neimenggu,0,7,0,0.37469435917993965,18.15579445283562,69.55520923983195,58.30187746072563,34.07998740433799,10.826638224627477,3139153,6.587978425
Hulunbeier,Neimenggu,0,37,0,0.3935749006847324,11.919018659023873,59.72591020516705,28.24274637338186,17.918425664634476,3.196669442901063,2549252,31.49279235
Xingan,Neimenggu,NA,0,0,0.40235191042941104,14.27190668296382,57.83622277780957,37.99520221734641,24.575082932122882,5.455764384578875,1613246,6.410813452
Xilinguole,Neimenggu,0,9,0,0.22837024756223676,9.809705684245541,67.33899361005672,27.91665696448377,9.86213878132414,13.344097304766972,1028022,22.65709219
Wulanchabu,Neimenggu,0,3,0,0.4861389327218356,24.921749805040253,68.57091884988506,41.67605550500104,22.6815093029383,20.7410348973329,2143590,5.916431458
Yikezhao,Neimenggu,0,11,0,NA,NA,NA,NA,NA,NA,1940653,9.083378166
Bayannaoer,Neimenggu,0.125,8,1,0.7220305020561092,20.246228085747294,68.67397025301209,80.50471168022032,35.86483697832452,16.164301002026235,1669915,6.940093576
Alashan,Neimenggu,NA,0,0,0.47030408349574165,9.075763652846232,95.47215829286512,55.23566963489048,25.216502724036488,8.168022378758877,231334,25.61171363
Shenyang,Liaoning,0,70,0,0.9085581355806109,35.08273307432393,58.1693678424938,74.62166121296512,41.892864093543835,18.482808690552638,8106171,1.398172386
Dalian,Liaoning,0,161,0,0.6425425580783523,24.834407248371143,74.89869004881287,49.85311228215451,29.692184998289815,10.391455921920405,6690432,1.341439249
Anshan,Liaoning,0,4,0,1.2455016107870998,29.739557185764646,64.48508969180608,75.64953936524047,43.58908735808575,16.194298820283176,3645884,0.97963639
Fushun,Liaoning,NA,NA,NA,0.8681861532100111,27.161473172394068,61.111558585674494,72.10744762938222,42.8168913987889,17.514276749297068,2138090,1.220610137
Benxi,Liaoning,0,3,0,1.1449798174534842,29.353741303784098,53.63914831238085,64.72939750988301,34.43317607753036,16.640142355746555,1709538,0.907325808
Dandong,Liaoning,0,11,0,0.7910965432329676,18.813709668271063,60.33649840264731,47.038454789753175,28.397223627945056,14.623203174616705,2444697,1.576976234
Jinzhou,Liaoning,0,12,0,0.9440826919066799,30.09308428666647,62.59500827387705,73.14884350870314,46.58035016902273,23.214995797887745,3126463,1.048854371
Yingkou,Liaoning,0,1,0,0.856832957235228,30.107474483263346,71.22055961149206,64.0537851924654,40.63127463654213,10.058843342879786,2428534,0.55074472
Fuxin,Liaoning,0,8,0,0.6756612404240261,21.0683686665538,70.97323997540275,63.514250567627435,36.3684358726708,20.92463020413145,1819339,1.135852778
Liaoyang,Liaoning,0,3,0,1.0146002708141901,26.58731674903229,61.15704191723796,70.52571560476343,40.90104680462209,15.835934626043887,1858768,0.501346758
Panjin,Liaoning,0,11,0,0.82776202017983,29.48725314660777,67.53694355882378,48.615734546240255,35.43510715906082,14.65021828079615,1392493,0.350224444
Tieling,Liaoning,0,8,0,0.6506598057972298,28.705570004753813,61.7486287259411,67.64652656655309,39.15852576484859,10.873601373940645,2717732,1.425258352
Chaoyang,Liaoning,0.16666666666666666,6,1,0.9565075869631466,21.4045855127357,68.08705992524641,66.66064159039529,35.76527829590755,15.28284831531986,3044641,2.123551165
Huludao,Liaoning,0.08333333333333333,12,1,0.8570496304379003,29.629438261986593,65.53056939637929,67.19490208404969,42.33952139032905,22.710713056402465,2623541,1.099153722
Changchun,Jilin,0,45,0,0.7077106945428489,31.60958310554447,53.4630132974369,60.876383522914075,41.93448624476745,9.706459682583636,7674439,2.308510174
Jilin,Jilin,0.020833333333333332,48,1,0.7966918268191404,24.722829013213257,63.110836770651396,59.16653591429622,40.31025840068456,13.58826668448853,4413157,3.073051147
Siping,Jilin,0.058823529411764705,17,1,0.6646295848065733,24.188868138408715,62.88716064931959,61.42964936790279,32.7871801688511,11.032516157374658,3385156,1.600245718
Liaoyuan,Jilin,0,7,0,0.8841677343522801,21.164116662801856,63.70248789866278,54.58205463845945,38.93523895257407,14.321346074515601,1176239,0.568511461
Tonghua,Jilin,0,6,0,0.8350231113698232,24.231245504485937,49.42096218239358,49.277844966339615,26.825703198927954,14.570632228638045,2324439,1.692184015
Baishan,Jilin,NA,0,0,0.9580760932860666,19.292642224059612,50.75381326838802,59.33828967867454,27.348523058799397,14.21108472336264,1296127,1.899400141
Songyuan,Jilin,0,2,0,0.6371394710062224,18.545600049976056,58.70180152167009,51.87212262482383,27.805311617766925,6.015612763005128,2880086,2.41325799
Baicheng,Jilin,0,1,0,0.5539200492381368,13.689146383917794,58.25688537966912,38.81498846040085,24.88058156232826,8.945312908907853,2032356,2.951104684
Yanbianchaoxianzu,Jilin,0,5,0,0.5502816954375366,15.428385808692846,55.35135237820641,34.66411170655673,20.664235260885867,11.46386918292069,2270816,4.808280589
Haerbin,Heilongjiang,0.01486988847583643,269,4,0.7296963437696053,31.729340001488502,56.66206180618638,64.02066373736649,46.258576153279314,17.20980888063731,10635971,6.134381174
Qiqihaer,Heilongjiang,0.023255813953488372,43,1,0.6190557699716642,16.376875342197536,55.9033473952185,54.14386081882618,29.92875839954313,15.311737862163312,5367003,5.058155944
Jixi,Heilongjiang,0,46,0,0.6226273408669373,20.178628695940453,49.670842713203534,45.83741242226433,27.07479189738139,6.528333054965947,1862165,2.589914053
Hegang,Heilongjiang,0,5,0,0.5984037747436218,12.183136761103896,52.63555291324512,44.49350391323796,23.808253235722,9.459228583666937,1058665,1.755887097
Shuangyashan,Heilongjiang,0.057692307692307696,52,3,0.5113024959133808,13.491537507956187,54.0780436750888,43.304247183487746,24.921689822131057,10.175250681305254,1462626,2.597852272
Daqing,Heilongjiang,0.037037037037037035,27,1,0.5607107972401665,17.87136583194895,65.52740512628237,46.288188983341634,27.80523137161187,8.6593303378615,2904532,2.472494305
Yichun,Heilongjiang,0,1,0,0.5755451694618192,14.149196470830685,46.97065853901829,30.021049843049113,20.780833767782113,8.191109669153976,1148126,3.944732036
Jiamusi,Heilongjiang,0,15,0,0.5343222445523673,17.501810852302718,52.56479083460222,42.249261232851055,27.30630591570301,8.046623187218538,2552097,3.8738254580000002
Qitaihe,Heilongjiang,0,17,0,0.7122624486263499,25.4833778216761,53.68045064074839,55.21433571307221,31.050125434259723,10.491326907561328,920471,0.722194618
Mudanjiang,Heilongjiang,0,36,0,0.4863493451366463,22.308272490384642,50.259988558207816,50.05292761078692,30.104962551945263,8.87595293839918,2798723,4.374275249
Heihe,Heilongjiang,0,24,0,0.4342445801165038,12.56939704418413,53.30260699935381,31.494479381340987,17.238173623579918,9.059625878265498,1673899,8.272447394
Suihua,Heilongjiang,0.027586206896551724,145,4,0.528226143695558,19.16424857393609,59.7186196731548,56.808218143802556,41.06698556994247,10.396858475506834,5418153,4.121195294
Daxinganlingdiqu,Heilongjiang,0,3,0,0.5197508486572154,11.469728298004132,55.11776490449063,24.609784962029213,14.983133894046404,14.219840230744525,511560,9.153755149
Shanghai,Shanghai,0.004421983575489577,1583,7,0.6584123524187718,36.20816921928452,69.5765948657773,40.7434401645613,31.52474939203906,6.360334004650557,NA,NA
Nanjing,Jiangsu,0,93,0,0.779515780345734,34.96668159116391,67.5000747210925,54.78555770501457,30.504656224880083,6.904193727717855,8003744,0.629150927
Wuxi,Jiangsu,0,55,0,0.7848819344636432,33.64964179322881,67.17127825058493,55.74444925949801,32.64208984687045,6.665829420146118,6374399,0.441053833
Xuzhou,Jiangsu,0,79,0,0.7976004161693357,33.94990464816256,66.36141055271789,83.92485391479394,48.64155316893838,10.064653250257296,8577225,1.102931743
Changzhou,Jiangsu,0,51,0,0.7288948413546844,36.91964867102677,68.64450540603715,62.003531826065306,39.52059563494022,8.964492023822023,4592431,0.41342322
Suzhou,Jiangsu,0,87,0,0.6674020103149829,32.66686690530705,67.07825350898516,47.47787583802147,32.71634971530173,5.5020309587271115,10459890,0.799765116
Nantong,Jiangsu,0,40,0,0.6840359253236469,26.57780255702555,68.02332691178147,45.95167587509788,34.14120250360503,8.74374452449295,7283622,0.816810666
Lianyungang,Jiangsu,0,48,0,0.7658592891777742,27.86255711724302,74.4604811909898,55.051885781370075,36.66512011925628,10.09162432116229,4393482,0.727236217
Huaiyin,Jiangsu,0,66,0,0.6259591100312101,24.534005345288904,69.72883646904845,61.190888868420686,40.79449375280273,6.860146711138468,4801662,0.968078487
Yancheng,Jiangsu,0,27,0,0.5272208740430971,21.298942273417815,76.3567332749368,52.85873275868176,32.367460524193895,4.654886540841248,7262200,1.447199966
Yangzhou,Jiangsu,0,23,0,0.6054397067813357,30.542026492700817,66.59588155538552,61.431144595722024,35.33188948888767,7.880881548158852,4460066,0.636060088
Zhenjiang,Jiangsu,0,12,0,0.6257494476066879,29.488787921307665,65.49375649245182,56.083521197913505,37.46168047194904,7.804738202121918,3114105,0.365269629
Taizhou,Jiangsu,0,37,0,0.7547348288270171,22.85505358997212,69.91871649167392,54.78377236304298,36.4835051466528,6.475551509197326,4618937,0.555572041
Suqian,Jiangsu,0,13,0,0.6954591041312007,24.18162987513971,73.93508634912224,67.71182974249717,44.33937089713923,6.2019245803215135,4719178,0.835580596
Hangzhou,Zhejiang,0,181,0,0.7038229738306961,37.33087030645465,53.96015454311637,53.12908149839471,28.81383282300531,5.781217697510654,8700373,1.56902159
Ningbo,Zhejiang,0,157,0,0.629362673439539,31.400553892266913,66.01494452637893,37.67298514266198,22.28115568900527,7.902515595396525,7605689,0.800955866
Wenzhou,Zhejiang,0.001984126984126984,504,1,0.5555892243148506,29.768349830746256,58.174533723566334,50.56980339974504,24.784328821378793,6.5495542268419324,9122102,1.039832559
Jiaxing,Zhejiang,0,46,0,0.664102144623932,31.651481007383758,67.53877258949508,44.74723261362616,27.23490297427261,6.487945091411956,4501657,0.371702193
Huzhou,Zhejiang,0,10,0,0.6680625737231078,34.24747104817685,63.6889435032316,52.70312048407311,25.21980818971395,5.56214707232805,2893542,0.549843903
Shaoxing,Zhejiang,0,42,0,0.6403867850559901,28.51389296715742,62.64174724477397,47.5056609286107,27.744724110326125,5.244488650755599,4912239,0.741325808
Jinhua,Zhejiang,0,55,0,0.6162182501174387,30.80691028912794,55.94423265941472,47.91044194317443,27.071039856109678,6.174043716639031,5361572,1.012981485
Quzhou,Zhejiang,0,14,0,0.6813584354686401,28.52388314521473,56.82124094876051,41.01964197552428,25.287760755352146,6.003505273063647,2122661,0.816984316
Zhoushan,Zhejiang,0,10,0,0.5513614426070887,16.39534489172129,75.32012757528625,30.47742927636769,16.559489462710037,4.754558511579415,1121261,0.113854325
Taizhou,Zhejiang,0,147,0,0.4841132251217782,19.174925682389883,70.03948202022768,43.86261246170063,24.1074312865448,4.323648739117905,5968838,0.861043071
Lishui,Zhejiang,0,17,0,0.5669202617382969,19.171137939978507,54.875171147778126,39.68395155062381,20.923751916413146,5.146290108902446,2116957,1.578741236
Hefei,Anhui,0.005747126436781609,174,1,0.6557874622018568,37.69212095278488,58.577780388082424,56.92705071101803,34.92688405436177,6.649739549196581,5702466,0.714499466
Wuhu,Anhui,0,34,0,0.7897885697629339,35.863189544806886,57.92936828257606,48.96428810315246,33.693807428011766,8.772728998548867,2263123,0.31613624
Bengbu,Anhui,0.03125,160,5,0.6521485131942278,30.61427084020331,70.61586714261253,73.1530634466945,42.391769962824164,12.927657254749931,3164467,0.570208253
Huainan,Anhui,0,27,0,0.6419335420716618,26.86712411566126,74.67406587872104,75.76954307304179,47.271500833065375,9.961468291730277,2333896,0.205680031
Maanshan,Anhui,0,38,0,0.7715594692575586,32.72395894256037,59.94815460331627,56.422602524387614,34.99104250888228,10.382599207500455,1366302,0.164013909
Huaibei,Anhui,0,27,0,0.7126451886688633,26.252866258015445,75.29922055699718,79.95584282821248,48.32078257498919,7.566994583709107,2114276,0.261847871
Tongling,Anhui,0,29,0,0.8154300575543435,35.131241412577026,57.466065430187754,62.02457497936816,33.70016457531185,12.706501827178881,723958,0.097803889
Anqing,Anhui,0,83,0,0.6334979226867249,24.354935667550613,71.81098642079762,46.60940488934955,33.23500031881929,7.624025689010268,5311379,1.450039194
Huangshan,Anhui,0,9,0,0.5354474922544094,15.966596732023852,62.86237895177666,32.96571186102245,19.526508056676942,5.966412348018113,1358980,0.900289213
Chuzhou,Anhui,0,13,0,0.8091636659615661,29.957413287724513,71.29885693410915,58.58418673824611,37.02025298642553,7.587852555044094,3937868,1.301947213
Fuyang,Anhui,0,156,0,0.6312039607579528,25.37544175620304,69.76920888177993,75.68919183435422,48.226053675335244,6.440519827915365,7599913,0.971518514
Suzhou,Anhui,0,41,0,0.5728563351233132,26.17266637138412,72.92243995205621,74.79214739478114,44.87638072834156,7.461467766793956,5352924,0.975479077
Chaohu,Anhui,NA,NA,NA,NA,NA,NA,NA,NA,NA,3873102,0.895782266
Liuan,Anhui,0,69,0,0.7189748669588696,25.63870651216031,75.77485822698132,60.998813817664235,36.19811797679969,5.90523702805854,5611701,1.750385303
Bozhou,Anhui,0,108,0,0.6148822595957023,23.11768128213732,75.97308033436138,79.90416635671635,47.592085117062425,7.23792508892921,4850657,0.830950934
Chizhou,Anhui,0,17,0,0.7388229591532398,24.917057587007285,58.829546874563405,49.096606664259916,32.75478779868776,8.690760539904552,1402518,0.79370618
Xuancheng,Anhui,0,6,0,0.6131647229074275,28.448291539606814,70.9077943604758,41.84995807897056,31.697028637794904,7.365712339567844,2532938,1.164704074
Fuzhou,Fujian,0.013888888888888888,72,1,0.6770575500432255,20.39002257723784,64.18033467523065,37.826860187327945,20.412423140191642,4.6716223662314444,7115369,1.033470784
Xiamen,Fujian,0,35,0,0.4774300080389515,18.260482965930397,67.00433722226141,33.0537775970253,18.27491328385883,5.477277770707151,3531347,0.130576614
Putian,Fujian,0,56,0,0.5326585255821085,15.582878225600567,71.10039036954214,40.4176032297234,21.718100782289778,5.82499670689893,2778508,0.337758913
Sanming,Fujian,0,14,0,0.740860681934747,20.571868536445322,43.806454342852916,38.12880954895011,22.197946483592624,7.816568826073986,2503388,2.07954903
Quanzhou,Fujian,0,47,0,0.4580348529876192,19.164158044640782,66.65931416814776,37.701348406455594,20.81238990448217,5.285734125480957,8128533,0.972273898
Zhangzhou,Fujian,0,20,0,0.5278001938259029,24.146709488951373,59.13082143862602,45.72887019433838,20.588723739821802,6.833322367874073,4809983,1.112273689
Nanping,Fujian,0,20,0,0.5286649412503284,13.358300708726453,52.89675731997484,28.956062980154822,19.128816027659244,6.3295944656526135,2645548,2.401556869
Longyan,Fujian,0,6,0,0.5483902571094127,20.403673485991604,50.62886520569735,32.77523986494897,18.249383388877717,7.630789644213493,2559545,1.710178945
Ningde,Fujian,0,26,0,0.6994690823199247,16.306824252482222,60.88622356661901,37.15498618360072,22.279551594775423,6.027131970080308,2821996,1.184491122
Nanchang,Jiangxi,0,230,0,0.6100130977348028,28.463473230712687,61.53164162151063,56.45041868089769,32.00824381708165,8.924974457395733,5042566,0.681540702
Jingdezhen,Jiangxi,0,6,0,0.6788952139631718,18.807009545373653,46.60600428772091,44.53144633766949,24.913589895996,12.891987403686734,1587477,0.488543939
Pingxiang,Jiangxi,0,33,0,1.2283402462140787,23.174392491934274,48.47917210917764,55.03416727327612,31.192659375648716,17.056538167083822,1854515,0.346762014
Jiujiang,Jiangxi,0,116,0,0.6338180171807244,26.459773355267565,60.91842290419018,54.159189580778204,36.72903921870516,9.993040600422022,4728778,1.749167517
Xinyu,Jiangxi,0,129,0,0.8501332844615763,23.104088737479923,55.230263844496825,54.50634326187231,29.5936021498381,19.776784215726465,1138874,0.292965289
Yingtan,Jiangxi,0,18,0,0.5252792181440361,19.08202834384748,59.63335103651205,39.48208657816929,31.82175277936568,16.62763217770542,1125156,0.323843087
Ganzhou,Jiangxi,0.013513513513513514,74,1,0.9860359948197378,16.249512716237835,65.97862006373612,42.53978427104311,25.012855630062795,11.537220004075722,8368447,3.547763026
Jian,Jiangxi,0,22,0,0.6451256293929752,18.75404810691212,63.17295705706833,51.97681800811342,27.39171778457119,11.668135084949647,4810339,2.300258443
Yichun,Jiangxi,0,106,0,0.8759617755361518,19.324030224872573,52.563678393079535,50.50665177070237,29.72086385902699,12.25948994525206,5419591,1.717424116
Fuzhou,Jiangxi,0,72,0,0.6437839946807228,15.828639165803848,63.34880329257095,44.82751156639704,26.098692293773624,7.120485534170847,3912307,1.723030561
Shangrao,Jiangxi,0,123,0,0.680959606330512,21.03784966118326,54.813650383135425,49.34793504292986,28.547898082469544,13.992827126999908,6579747,2.106115975
Jinan,Shandong,0,47,0,0.8812530175326898,35.442923704629955,74.85396557596641,90.42784789419227,49.14367771102788,12.730001418621177,6813984,0.798078034
Qingdao,Shandong,0.012658227848101266,79,1,0.6298410629707457,32.749646341162844,70.09130397935854,59.8125995384515,30.992550797773024,7.74442786055425,8715087,1.088816301
Zibo,Shandong,0.03333333333333333,30,1,0.9863577546461185,37.74652609499158,72.50211426847022,92.01917822291527,53.680189021551605,17.72216542113589,4530597,0.612654796
Zaozhuang,Shandong,0,24,0,0.6926239682380964,29.393201471389034,75.32807923421849,97.17045448066276,53.65255623408036,16.193809356392975,3729140,0.449931261
Dongying,Shandong,NA,0,0,0.6779695377748869,31.119285576962568,74.76889645340079,79.6762189408366,45.38856555419516,15.04806654192006,2035338,0.637702231
Yantai,Shandong,0,47,0,0.5468552014450037,27.62385131161339,78.3459886338017,60.47293781069904,31.02046895626878,10.362015066979724,6968202,1.373312183
Weifang,Shandong,0,44,0,0.7172896001190602,32.10069958113814,66.8334811037945,88.2619920088067,49.220544775166225,10.264649646687573,9086241,1.582485299
Jining,Shandong,0,260,0,0.9227903432670622,31.1395444739141,74.52253693597856,79.59379098101641,52.53871108606563,11.856151733800234,8081905,1.104508256
Taian,Shandong,0.05714285714285714,35,2,0.7641834558532853,29.584823604402747,77.86152688287075,92.08218307448904,49.81351125074396,14.590262815333002,5494207,0.764279438
Weihai,Shandong,0.02631578947368421,38,1,0.5125015672541049,15.383225197542306,85.5647588553762,44.11393541178643,25.588457252700817,4.481164428354778,2804771,0.551464089
Rizhao,Shandong,0,16,0,0.6043941718686814,32.546116682594594,70.92738602721553,67.33365958978247,36.66810368418479,7.758705084209116,2801013,0.522752037
Laiwu,Shandong,NA,NA,NA,NA,NA,NA,NA,NA,NA,1298529,0.209228147
Linyi,Shandong,0,49,0,0.9003915432645725,35.247475928252,73.05697206144598,90.88611699721874,47.47411551381151,11.256419051181672,10039440,1.701135059
Dezhou,Shandong,0.05405405405405406,37,2,0.8015017193365489,27.65890794429834,76.35315412949863,90.61788612144544,48.034701348651275,11.736106176458705,5568235,1.067094292
Liaocheng,Shandong,0,38,0,0.7644596174696543,32.67024758956891,70.44554408417193,92.03360343295849,52.68325339639884,11.22828977901044,5789863,0.865564163
Binzhou,Shandong,0,15,0,0.9495323572793352,37.87627434334765,69.48787191312809,76.09546605490574,48.08535759845397,16.367413520022886,3748474,0.87511839
Heze,Shandong,0,18,0,0.7081502748399567,29.024917899012653,71.10309445847669,104.07233941750243,52.134842588133374,10.555573857014915,8287693,1.202670389
Zhengzhou,Henan,0.03184713375796178,157,5,0.7997427006867895,38.620901612566186,69.76757620379618,87.7391236976906,49.97562944296042,8.641301858525233,8627089,0.739241905
Kaifeng,Henan,0,26,0,0.7721259522991974,28.19613734382577,69.47015682344934,89.07918654181648,54.113784908911946,8.881465128518347,4676483,0.614635607
Luoyang,Henan,0.03225806451612903,31,1,0.7460415558497774,33.4192725195876,62.0922566514839,89.58886763702932,49.64449178079277,7.996002989508805,6549941,1.480222949
Pingdingshan,Henan,0.017241379310344827,58,1,0.871671383772634,31.31668308331218,70.10570247222452,83.76558369576802,50.57386846268416,12.21952700677667,4904701,0.77531255
Anyang,Henan,0,53,0,1.095582177773265,35.77484945051634,69.25775970459833,107.2163039895752,61.13801002703342,12.36022954477782,5173188,0.724319688
Hebi,Henan,0,19,0,0.9350540170885143,35.71392030277578,66.395519708352,93.60435221531519,56.62568347643443,10.926315994106641,1569208,0.214513793
Xinxiang,Henan,0.05263157894736842,57,3,0.909550198212103,34.53267217823233,65.01518603340439,90.88756117310041,50.65183330091452,13.559247318024164,5708191,0.817335564
Jiaozuo,Henan,0.03125,32,1,0.9166735657074748,32.53982442277907,69.77530991232952,99.78480604395695,56.032121518816936,11.58130685435201,4215858,0.595978435
Puyang,Henan,0,17,0,0.7995898165593465,29.896038496191235,68.27983389987935,90.58757613004812,57.29269502270428,9.85370886861479,3598740,0.418426323
Xuchang,Henan,0.02564102564102564,39,1,0.9497869169194103,29.65008138080265,65.56648375592252,77.63377230044728,52.08422370810465,10.984596749905842,4307488,0.487993365
Luohe,Henan,0,36,0,0.7308169843760138,25.565455668540555,68.41570566331193,84.76123680693873,53.815281022687394,9.205668201210326,2544266,0.257225794
Sanmenxia,Henan,0.14285714285714285,7,1,0.813736049363437,30.701163672860595,66.09707251385886,79.44468630585375,47.46022448013261,7.115656278976733,2234018,0.971916312
Nanyang,Henan,0.019230769230769232,156,3,0.9117687772510344,24.027468964644516,70.29463838431275,82.11685218516996,49.68425896605478,8.272663637825012,10263660,2.555616478
Shangqiu,Henan,0.03296703296703297,91,3,0.7665246991297818,27.355519765112334,70.71343498112749,80.54643693920053,51.436985139621264,7.036416738083869,7362975,1.047894428
Xinyang,Henan,0.0072992700729927005,274,2,0.6604395317594582,19.578192555713084,72.4541019008952,63.13782404207011,39.57204655387265,6.268999207544213,6109106,1.80951065
Zhoukou,Henan,0.013157894736842105,76,1,0.7895487802179749,24.391380152810342,71.04843431779862,77.0936208099985,48.789136289519455,8.641603175656757,8953793,1.16906582
Zhumadian,Henan,0,139,0,0.6277133513959715,21.244746430254597,72.99715684322027,72.69230261314807,44.85977463086119,6.440118623138656,7231234,1.455878461
Wuhan,Hubei,0.07685736988478348,50340,3869,0.8455948335784956,34.97096651441407,60.70507380296682,55.694350004479936,35.79785156740159,7.790856204147581,9785388,0.800268094
Huangshi,Hubei,0.03842364532019704,1015,39,1.0534920897431082,28.918453914894773,62.144556745093126,60.62199615710766,33.69011107636743,14.825370138160206,2429318,0.425463852
Shiyan,Hubei,0.011904761904761904,672,8,0.8454123747168347,20.27141937995508,56.7355208495988,53.38229419832771,32.602909042876405,5.661692546234657,3340841,2.266015203
Yichang,Hubei,0.0397422126745435,931,37,0.8049761930969164,22.93672873081661,50.26212036023866,55.64201147097496,39.17495971175113,6.7750586401912685,4059686,2.003907372
Xiangfan,Hubei,0.03404255319148936,1175,40,0.8171436558242496,26.39622107537031,65.08676909407392,67.7654455907562,51.123671211177516,10.628337204300848,5500307,1.880926027
Ezhou,Hubei,0.04232424677187949,1394,59,0.9683658461500838,28.54635521361004,60.477708815148326,63.76126077227877,36.27521984263311,10.765552721756034,1048668,0.152969592
Jingmen,Hubei,0.04418103448275862,928,41,0.7284276759598282,21.876764328504915,68.90433804676772,56.55354004290648,44.07896370589781,6.460539837346519,2873687,1.166844338
Xiaogan,Hubei,0.036668561682774305,3518,129,1.0339332485806427,16.766205014512238,66.35789554754436,55.55302935762932,34.77197003300042,6.137434478237838,4814542,0.839873309
Jingzhou,Hubei,0.03291139240506329,1580,52,0.837142237827257,24.801898233084966,60.89447777279937,62.549557202817844,35.440384546666486,7.27336036105835,5691707,1.3183168
Huanggang,Hubei,0.042999656002751976,2907,125,0.8627687875762552,21.78526967951787,66.7243471772469,59.42091050627022,34.67510188795212,10.265660818658343,6162069,1.64000348
Xianning,Hubei,0.017942583732057416,836,15,0.8030344421506075,16.173254008010215,61.228703552522845,46.88939789506275,28.271769111931903,8.698260501184974,2462583,0.90667038
Suizhou,Hubei,0.03442999234889059,1307,45,0.8951657559550733,18.724181848808833,65.69201975090289,58.47331527262393,35.7637640550377,5.601922050917948,2162222,0.914085903
Enshitujiazumiaozu,Hubei,NA,0,0,0.5190258141136801,17.961192831368216,37.54616529698499,43.732682187391944,26.115382738320605,7.0894469400253275,3290294,2.265194312
Hubei (Direct Units),Hubei,0.03826086956521739,575,22,NA,NA,NA,NA,NA,NA,3616415,0.982170478
Changsha,Hunan,0.008264462809917356,242,2,0.8003892883147693,26.254130076665387,57.41295236337048,46.0876083295526,39.64081345717959,6.480230917550956,7040952,1.08218768
Zhuzhou,Hunan,0,80,0,0.6781696606102318,27.88746053771696,54.928851887040935,49.60107236363574,36.17537041930205,8.280605050064084,3857100,1.025509095
Xiangtan,Hunan,0,36,0,0.7469804846158488,28.307432724731733,51.7987871945374,51.658916164904255,37.38205594138839,7.774932889693012,2752171,0.462953524
Hengyang,Hunan,0,48,0,0.8583028303203516,21.12166086302122,55.30252368135827,51.16421878790559,34.287885374817506,11.376754746180024,7148344,1.394708585
Shaoyang,Hunan,0.00980392156862745,102,1,0.7185430335485238,19.25028593692288,53.235084367857276,50.2959003952579,35.71390157579118,12.066762967587996,7071735,1.896008316
Yueyang,Hunan,0.00641025641025641,156,1,0.7940862034682308,24.512412730236793,59.555669460271815,54.00355121306689,35.93441818386249,9.621436143202612,5476084,1.373937199
Changde,Hunan,0,82,0,0.7052108490234077,18.092131232992454,57.90406551663174,49.503297716769474,39.26403196565493,7.178361650218695,5714623,1.696567064
Zhangjiajie,Hunan,0,5,0,0.5877550820290561,15.914859196495769,40.98447003737898,41.218895764288874,24.000641833532306,2.776338544612068,1478149,0.887541623
Yiyang,Hunan,0,60,0,1.0958519627345331,17.988450124634646,57.152197096653424,56.35649003181172,40.75508901226153,4.937653914715047,4307933,1.123204465
Chenzhou,Hunan,0,39,0,0.7020308396819365,19.8945878640614,50.82281117982348,38.76878510887443,27.226635577737234,10.33129095155319,4583531,1.747570163
Yongzhou,Hunan,0,44,0,0.608827202951172,19.632362166778186,56.87238092580131,44.8782610665732,31.205343266486576,7.216478948788766,5194275,2.01127114
Huaihua,Hunan,0,40,0,0.9906666377497465,14.345188040873877,51.85323391987408,51.09736982260151,27.62914670884252,7.486626912866919,4741673,2.516862189
Loudi,Hunan,0,76,0,0.873194866277238,21.45128916155907,55.53310501999796,52.882391850069354,32.11382331422934,7.528212576774024,3784634,0.743248458
Xiangxitujiazumiaozu,Hunan,NA,0,0,0.8416623770493394,15.213358162895005,39.458321535142616,39.48092397019939,23.948764792111916,6.154469922082318,2549558,1.4300726
Guangzhou,Guangdong,0.0010615711252653928,942,1,0.7486324946612978,35.77083901796102,53.537138298168294,42.01696774323648,22.49872965477001,6.948594369156212,12701948,0.621690267
Shaoguan,Guangdong,0.1,10,1,0.8126621880651707,20.316509702372226,54.376815502553235,36.07096098352709,23.363502362550637,9.88394212512235,2826246,1.632927956
Shenzhen,Guangdong,0.006185567010309278,485,3,0.5911906897010002,22.227025069848395,55.23240343440622,34.32223056924717,18.976856467242108,5.774046702954351,10358381,0.1633091
Zhuhai,Guangdong,0.008928571428571428,112,1,0.5736434097310903,23.339621954741602,59.55078544935247,32.66979031278409,18.127038390114375,4.7022199073627124,1562530,0.120058016
Shantou,Guangdong,0,26,0,0.588533060061229,16.045120152137773,70.36088865936006,34.10808366773158,18.846874155244546,8.252937492408993,5389328,0.185592836
Foshan,Guangdong,0,106,0,0.6751545218371032,30.49262442284749,51.93019840920102,41.73044307519489,21.93969286280274,7.418226937798148,7197394,0.342238447
Jiangmen,Guangdong,0,25,0,0.7016147100564724,25.373520552884564,57.655092008875336,39.58357314820847,20.40499689090218,6.978532453740954,4450703,0.813735016
Zhanjiang,Guangdong,0,30,0,0.6054719278754059,12.524488663885828,63.499645001063875,34.05953480589217,20.639023155266333,7.935736436815794,6994832,1.057967546
Maoming,Guangdong,0,17,0,0.6706374296064267,11.603794013779943,57.40919934005972,38.04902539512832,20.66385114139238,10.027566337508622,5817494,0.995325998
Zhaoqing,Guangdong,0.043478260869565216,23,1,0.5739970137260105,25.182571997455412,49.51493422744311,36.431096806410835,22.76938294824439,9.295848979270188,3916467,1.314828068
Huizhou,Guangdong,0,63,0,0.594047375545586,17.720656771348015,60.27829873483275,37.559388042472854,19.620183539057958,7.974972793405974,4598402,1.001005752
Meizhou,Guangdong,0,17,0,0.6908177400612968,21.524349369092015,47.612832141072055,32.58691243531326,21.91942367561796,6.90701028284071,4238461,1.405159318
Shanwei,Guangdong,0,6,0,0.5855647021426312,10.104505065243416,70.46945668394443,29.078211031205832,17.53244231562803,8.396871581972475,2935469,0.423044806
Heyuan,Guangdong,0,5,0,0.7315639254700103,19.180932812274587,56.74418765866065,36.14153270647479,21.967409379745195,7.27328525929016,2950195,1.387002569
Yangjiang,Guangdong,0,16,0,0.6679106290989596,13.405402144716087,59.14051924450274,33.6960396796441,20.70430032514701,7.1131582264981255,2421748,0.681002775
Qingyuan,Guangdong,0,13,0,0.7509281735433717,28.887353625045026,55.32348326088121,45.83913429938825,27.900142246926343,8.412783631589809,3698412,1.685864241
Dongguan,Guangdong,0.009900990099009901,101,1,0.6413587298005884,26.324452177292255,58.187281304058935,36.77979835650431,23.738771957781882,8.202912200583082,8220207,0.211336565
Zhongshan,Guangdong,0,69,0,0.6329678967399753,23.815452165677748,54.57899380837145,35.268654177337616,19.347098546602844,4.719704812873618,3121275,0.143293279
Chaozhou,Guangdong,0,7,0,0.7120956093867469,14.774978825535944,61.29414222029596,40.61171414959313,23.992429462883496,8.997202242641672,2669466,0.275360099
Jieyang,Guangdong,0,11,0,0.7925403754539903,16.82776646920844,61.5968833957552,43.90092099587942,28.007890137265594,9.565775713952519,5884347,0.461801414
Yunfu,Guangdong,NA,0,0,0.6664859437582635,22.352521985477306,44.05919119092939,35.98174835768971,21.606305730425753,15.700200817224314,2367154,0.685177543
Nanning,Guangxi,0,56,0,0.7303509910082997,23.469782269980506,49.51909679527156,44.50797955798007,25.592099092973655,8.024565276626012,6658742,0.864743623
Liuzhou,Guangxi,0,24,0,0.8202135158656523,19.427755927419334,51.997735395095184,41.69576156029488,27.69580200935017,10.189086077076894,3758704,0.468627381
Guilin,Guangxi,0,32,0,0.8259243126747827,17.93100267470524,56.623764727115514,42.040711415718654,28.198298049518318,9.953339924506027,4747963,2.479637626
Wuzhou,Guangxi,0,5,0,0.9430273177270992,21.539654839906994,44.97915410554231,47.32470717937833,25.687782287439642,11.121576624518378,2882200,1.108963434
Beihai,Guangxi,0.022727272727272728,44,1,0.6434209035909394,11.699749138109777,60.54043508192225,39.37796616567106,22.374025849325633,8.04364551157795,1539251,0.291115251
Fangchenggang,Guangxi,0,19,0,0.6630602590021843,15.813152323419775,52.32855954062702,41.03725117037611,21.63225234968776,8.120211867845912,866927,0.51727174
Qinzhou,Guangxi,0,8,0,0.8694506987326657,18.591720214672797,52.25011128722313,42.56114753199898,23.62589825961932,10.572667629190692,3079721,0.926959606
Guigang,Guangxi,0,8,0,0.6935864856070448,20.55922031806141,52.76454769615341,47.79734172098042,27.877659466182635,9.278138239876412,4118808,0.937706077
Yulin,Guangxi,0,11,0,0.7620544407455722,16.456399035974552,54.636887734852316,45.220716316223736,28.004150332286272,15.94139203412553,5487368,1.127966111
Nanningdiqu,Guangxi,NA,NA,NA,NA,NA,NA,NA,NA,NA,1994285,2.612337373
Liuzhoudiqu,Guangxi,0,11,0,NA,NA,NA,NA,NA,NA,2099711,2.37333126
Hezhoudiqu,Guangxi,0,4,0,0.648593824512272,16.78563075652476,52.352675269515814,41.877012415519324,26.498393985286718,7.996143434909455,1954072,1.037115114
Baisediqu,Guangxi,0,3,0,0.8019194323540495,16.026985826643475,49.36456482354448,47.805004919342444,26.991573154056923,13.753351588038932,3466758,3.215648151
Hechidiqu,Guangxi,0.03571428571428571,28,1,0.7302103348426608,18.473267141839504,43.65477674355665,42.066296842371564,24.16975717855903,7.855396234817547,3369251,2.979453282
Haikou,Hainan,0,39,0,0.5389015910621305,10.644030422581672,61.104426668878965,28.44474968137058,14.131807728336884,4.153282906101187,2046170,0.017711261
Sanya,Hainan,0.01818181818181818,55,1,0.4273219508226417,8.651861596406311,53.365244645544216,22.62721793245417,11.094060005302332,3.957636227882953,685408,0.157008127
Munidiqu,Hainan,0.06493506493506493,77,5,NA,NA,NA,NA,NA,NA,5939907,2.732302309
Chongqing,Chongqing,0.010169491525423728,590,6,0.7948764663005733,38.08115416619343,41.35862324889542,50.980689005665475,31.265721718992108,7.58333097957692,NA,NA
Chengdu,Sichuan,0.006507592190889371,461,3,0.7090162093296323,36.178843721542144,52.86546900293797,61.83112629997798,39.11363762347535,5.958648934819142,14047625,1.135581192
Zigong,Sichuan,0,9,0,0.6193029619066266,26.18274819456061,56.071303396895296,59.85870149481175,41.577107354517075,6.4055176515629855,2678899,0.406067154
Panzhihua,Sichuan,0,16,0,1.2978653894823555,31.926940448132765,51.264404278923514,47.06676532523192,28.348474677877718,25.45835190545872,1214121,0.674513127
Luzhou,Sichuan,0,24,0,0.7869487974966242,26.602309226088078,48.50921939303915,46.4541787089656,36.020957625579655,9.48219177357215,4218427,1.125333009
Deyang,Sichuan,0,18,0,0.6639464094763993,28.83768136804988,55.504442755700126,59.7964201374735,35.86560345165999,6.416005169083042,3615758,0.564332023
Mianyang,Sichuan,0,22,0,0.6609380097549897,27.574085206687077,53.27195768813061,53.139350394941225,32.5074658378142,5.35042998727093,4613871,1.927415878
Guangyuan,Sichuan,0,6,0,0.5983107925888247,29.26704038804515,48.4902447475606,43.978970372932835,24.07215055190946,10.07830488871674,2484122,1.551949811
Suining,Sichuan,0,17,0,0.6367431666295659,17.511896301214545,50.18553721923957,45.92549783537235,28.043017398179316,8.530197002250551,3252619,0.501374069
Neijiang,Sichuan,0,22,0,0.6833683573599759,21.016289572554584,56.842108150457705,46.62777273098782,33.10030188148854,7.823973196387492,3702847,0.504156539
Leshan,Sichuan,0,3,0,0.7072024180171084,26.7625094484855,51.06319709943497,50.98100595030571,33.61000835335681,6.2564293135088045,3235759,1.194698057
Nanchong,Sichuan,0,39,0,0.623200257320473,25.035937930166384,52.28842368079694,54.545684786925605,35.08253963953157,5.005951470006991,6278614,1.190397137
Meishan,Sichuan,0,8,0,0.6985245853860766,33.45891025923424,52.95812065057575,52.58890963696836,30.586431746073867,9.340587936070593,2950545,0.674889003
Yibin,Sichuan,0,12,0,0.7064096079110773,27.578735674972833,49.734907331882454,57.48143565546633,37.571444168178225,7.404007039715804,4471896,1.223501561
Guangan,Sichuan,0,30,0,0.6694134325933793,19.234336002083186,53.126868664809464,49.99604391457238,30.808391228200687,5.235711992957645,3205476,0.595962087
Dazhou,Sichuan,0,42,0,0.7186911136372764,32.87976455351878,46.2502207786086,58.46850424596771,36.6123127060787,9.252742145822113,5468097,1.568356509
Yaan,Sichuan,0,8,0,0.5196078546830167,19.19069073363134,50.08943229877054,36.05303449620538,25.60024618723707,7.326907343261801,1507258,1.405650328
Bazhong,Sichuan,0,24,0,0.6507886068943627,22.665058275908596,36.61910282052678,44.00543520295059,27.314537699120088,4.194755491148745,3283148,1.175822613
Ziyang,Sichuan,0,4,0,0.6160652093052881,23.268418431346426,60.462879918884404,48.874772412851094,28.850346952558763,7.2635104086415545,3665057,0.743460569
Abacangzuqiangzu,Sichuan,NA,0,0,0.45181025199785,10.105728843768219,49.77304705051501,22.62768301553205,15.37650482408459,7.8464098440006556,898708,7.900153685
Ganzicangzu,Sichuan,0,78,0,0.354579837300944,20.150637564516725,47.95212887582868,15.75679691990566,8.614297064280882,9.274362692113353,1091872,13.9751001
Liangshanyizu,Sichuan,0,14,0,0.6260760624995961,15.431785186834107,61.78935543878486,33.51455482353756,19.50272049738219,11.113180943798099,4532809,5.495680696
Guiyang,Guizhou,0.027777777777777776,36,1,0.6539838995305447,17.633409452537347,51.96600408602336,40.428756688685034,22.537640225394988,9.516212573246076,4322611,0.729573773
Liupanshui,Guizhou,0.1,10,1,0.6417011592674412,14.798283203166804,59.94853444713767,33.07461707092962,21.09137232675237,9.58760465135637,2851332,0.898848048
Zunyi,Guizhou,0,32,0,0.5762230757167932,18.79188032176498,48.48615798201562,29.2374835506585,17.261816505887637,10.285368567828014,6127082,2.827933279
Anshun,Guizhou,0,4,0,0.5648816223446415,11.039996761921488,60.925863885374746,28.070995340775752,22.004371207837043,12.291508666194522,2297612,0.840306959
Tongrendiqu,Guizhou,0,10,0,0.601633099951588,15.881178653073329,42.55423047456985,38.94931806606048,24.406217577011553,4.816989033466424,3093204,1.641692863
Qianxinanbuyizumiaozu,Guizhou,NA,0,0,0.5594314680803644,13.90322442784849,50.793703676497515,28.55217812517868,18.077509918707534,5.608232879175953,2804612,1.504708193
Bijiediqu,Guizhou,0,23,0,0.5711166717914113,15.979236305026822,56.91964392603019,34.4677251092596,24.26233818417762,8.452326216652514,6537498,2.43780442
Qiandongnanmiaozudongzu,Guizhou,NA,0,0,0.6181059336952981,18.30041254586471,52.822361347711656,31.749584657189345,23.11593161664359,18.380234887610364,3481891,2.744303001
Qiannanbuyizumiaozu,Guizhou,NA,0,0,0.627864843055345,9.046036155884234,50.29580907271321,25.652440217233348,16.56143552414233,6.710673367675507,3232714,2.348791747
Kunming,Yunnan,0,53,0,0.6628712979063702,25.25300010079094,52.64261196457158,41.460262341321666,23.462019934698795,9.095364952271126,6432209,1.883069259
Qujing,Yunnan,0,13,0,0.7727332905450759,16.163707691084575,59.3962618417008,34.969926736114566,19.869047913065977,11.385031459080198,5855055,2.597617415
Yuxi,Yunnan,0.07142857142857142,14,1,0.875848287765205,17.786217611980025,51.56786162602666,35.94337671924666,20.00172217121048,8.34074131366846,2303518,1.331834328
Zhaotongdiqu,Yunnan,0,25,0,0.6002208189145531,15.08496965127934,61.31582544746776,38.24472919970135,19.859564665035094,8.662331473861675,5213521,2.057791423
Chuxiongyizu,Yunnan,NA,0,0,0.6484663296872024,16.762675455955236,53.769188122324394,27.552621246306185,17.865585276851547,10.417239518309309,2684169,2.550119027
Honghehanizuyizu,Yunnan,0,9,0,0.5720700011290196,9.102640823331885,60.725229882783665,33.979778291466786,25.62951031076529,11.90422415346846,4500896,2.834411425
Wenshanzhuangzumiaozu,Yunnan,0,2,0,0.5510571793793105,10.857335469093037,56.094524619574045,33.50817870338505,22.97529333463205,4.939258548517341,3517946,2.785098
Simaodiqu,Yunnan,0,4,0,NA,NA,NA,NA,NA,NA,2542898,3.890318254
Xishuangbannadaizu,Yunnan,0.06666666666666667,15,1,0.7213131720317069,17.979622824995015,41.218674413930174,47.7651923296231,29.60650594027812,6.599477669481685,1133515,1.675768633
Dalibaizu,Yunnan,NA,0,0,0.5920212290001983,11.419292208723572,65.27646728115283,22.244800395874552,15.822491371399453,5.81168461259502,3456323,2.553843323
Baoshandiqu,Yunnan,0,9,0,0.5566580774247486,11.013991362108717,59.819269071941044,24.740255348985446,18.915562438929708,5.541553149991895,2506491,1.705055088
Dehongdaizujingpozu,Yunnan,0,5,0,NA,NA,NA,NA,NA,NA,1211440,0.99469221
Lijiangdiqu,Yunnan,0,7,0,0.613103000795018,9.371153003130196,68.77215653846693,22.469285888699776,12.963287479968313,8.841200746274158,1244769,1.869784397
Nujianglisuzu,Yunnan,NA,0,0,0.8520060771669531,17.23530809649779,36.684163156350756,46.674253101385005,22.26137582691984,7.569578729413726,534337,1.327271031
Diqingcangzu,Yunnan,NA,0,0,0.6531903942171219,7.615005517421205,67.03825809849779,14.95893127971206,13.365164659388414,7.121020005689871,400182,2.121141097
Lincangdiqu,Yunnan,0,1,0,0.7238911805265463,14.129322079469846,47.53696894566962,34.200445906519,25.78417494708963,8.5223666976947,2429497,2.098520342
Lasa,Xizang,0,1,0,0.5487837160203416,18.57832927122047,72.37405377860055,28.075290788341697,11.477223463750367,6.814269509106985,559423,2.76708657
Changdudiqu,Xizang,NA,0,0,0.6782274334417573,10.842227806571307,59.91165608265241,NA,10.9955539329506,11.076293210146138,657505,10.24165116
Shannandiqu,Xizang,NA,0,0,0.4943227543199062,NA,74.7757867795076,23.104243869032665,8.815719066265881,7.361634897057799,328990,7.307884452
Rikazediqu,Xizang,NA,0,0,0.5608313811220383,9.973610161345205,79.89064018698902,21.99848935362325,9.184445914613764,4.887859980770602,703292,16.89799856
Naqudiqu,Xizang,NA,0,0,0.7923637890474846,11.079984375602667,61.64074154721902,31.887663808708943,17.380591463769804,5.695178822522021,462381,37.87090255
Alidiqu,Xizang,NA,0,0,0.5290701357411187,11.17368886665741,90.11970762303919,13.84883302923902,5.785399335696097,10.811144261565596,95465,28.61130475
Linzhidiqu,Xizang,NA,0,0,0.43782094802308064,6.150086208228041,65.02094504860517,15.014201684262417,7.445273978558652,8.270502045685193,195109,10.63414723
Xian,Shaanxi,0.025,120,3,0.7807870294754479,41.087119497171,50.267899625897456,89.85110058969119,50.17592615166964,8.334729644374951,8467838,0.997633467
Tongchuan,Shaanxi,0,8,0,0.7642814364596757,31.067904463812297,63.2622253322394,73.7934427845097,42.914159393633284,11.992328060215126,834437,0.387826616
Baoji,Shaanxi,0,13,0,0.6314624154443583,29.28806904725927,52.71215807111076,75.48534353411898,46.19704105778227,7.816274792563509,3716737,1.779449066
Xianyang,Shaanxi,0,17,0,0.8025549243504561,39.490271164103916,52.57096667127843,93.11149271492326,52.981617441887074,8.780826167854332,5096001,1.009557816
Weinan,Shaanxi,0,15,0,0.7905461140202382,37.99046520458364,54.26022522405156,92.64088562529795,51.78664599336921,11.147650742647782,5286077,1.298713613
Yanan,Shaanxi,0,8,0,0.7797035192144034,35.89829857726456,49.448684922976916,62.86284168891407,32.499630159159125,5.8836936035391245,2187009,3.710607807
Hanzhong,Shaanxi,0,26,0,0.8688471289939189,23.65351873468487,46.60348989023605,61.97547903438869,38.179645189104676,13.295848924722316,3416196,2.619775461
Yulin,Shaanxi,0,3,0,0.748605191973534,36.81996254842332,64.93069795249878,67.03266655325402,33.492783199880016,11.89529534925319,3351436,4.430844133
Ankang,Shaanxi,0,26,0,0.6116082440987691,18.788164359116763,44.703630971769385,52.637522550805514,30.75615324479951,8.848317817031907,2629906,2.251571237
Shangluodiqu,Shaanxi,0,7,0,0.5818535096240989,22.641358892084536,60.15206712977781,53.94821470632899,29.827132863688778,9.926407299089345,2341742,1.907682513
Lanzhou,Gansu,0.05405405405405406,37,2,0.9487757828718938,46.79491190502664,59.19624310729583,81.67690819341202,34.990077039967744,14.909673302805686,3616163,1.3302787
Jiayuguan,Gansu,NA,0,0,0.5095141161710116,20.340987412461317,77.271481860363,88.54062306024953,30.425851105445073,13.36990581639822,231853,0.136763702
Jinchang,Gansu,0,1,0,0.6347209928060524,13.5016810201804,78.30808087197234,67.42149503377667,22.237349848165902,13.980944617203656,464050,0.761890541
Baiyin,Gansu,0,4,0,0.7782783518891639,24.78714624643042,63.36854961037427,74.54970655797725,28.730397831028267,31.799308963072118,1708752,2.016450809
Tianshui,Gansu,0,12,0,0.535018961803717,29.132467783791505,53.429421502121876,53.49579534561612,26.76936116185932,9.917392844005535,3262549,1.39960621
Jiuquandiqu,Gansu,NA,0,0,0.5098185989990607,21.342990674713853,75.66950866998873,97.94833179822878,30.386759088297122,8.092596153422463,1095947,15.47901773
Zhangyediqu,Gansu,0,2,0,0.45692958309055914,23.94573243054391,70.08250247573413,78.0039790278484,37.60146640850963,11.668083137532795,1199515,4.111250017
Wuweidiqu,Gansu,NA,0,0,0.5556085552928167,24.16803245639319,67.09983138114802,82.7905782087894,38.26322297004942,8.157733532722492,1815059,3.370305287
Dingxidiqu,Gansu,0,9,0,0.5397182620029825,23.736964743750008,59.76249367904866,55.921920766463536,25.218897993535915,8.187934149236822,2698624,1.946690421
Longnandiqu,Gansu,0,4,0,0.5281355962755988,19.362053650187068,61.57733471875387,34.22137867590918,16.524541714302497,13.707734253841556,2567718,2.719813353
Pingliangdiqu,Gansu,0,9,0,0.5080601861080023,32.53277557058178,58.73225264438813,57.258117213350445,21.855474900066387,8.097621776485866,2068033,1.099096456
Qingyangdiqu,Gansu,0,3,0,0.7537298742198285,15.78960443757672,80.8526942337066,60.48931150908694,29.133197925201657,10.387486774070876,2211191,2.720960628
Linxiahuizu,Gansu,0,3,0,0.7489615591334584,24.129789876090104,63.080707843791885,59.97694343678059,27.87264593351414,9.561646907847457,1946677,0.804312938
Gannancangzu,Gansu,0,8,0,NA,17.80096896201083,65.40862729643217,39.37653390852905,19.383152650466943,8.726925287534211,689132,3.612127235
Xining,Qinghai,0,15,0,1.079260683911074,35.99038228528272,65.2147436243251,64.27436166667063,35.51310153640355,14.969862909169422,2208708,0.728910584
Haidongdiqu,Qinghai,NA,0,0,NA,NA,NA,NA,NA,NA,1396845,1.307060847
Haibeicangzu,Qinghai,NA,0,0,NA,NA,NA,NA,NA,NA,273304,3.566565592
Huangnancangzu,Qinghai,NA,0,0,0.5188173044211141,11.695241107293858,75.26897996166598,51.09393523687879,21.70282254663178,11.065958836872225,256716,1.761237173
Hainancangzu,Qinghai,NA,0,0,0.6813164825413097,17.315494731126403,79.21043749619284,37.42851131185537,18.98688539218553,10.380580168145185,441691,4.296876199
Guoluocangzu,Qinghai,NA,0,0,NA,NA,NA,NA,NA,NA,181682,7.504347563
Yushucangzu,Qinghai,NA,0,0,0.6297551108133919,13.630664086112773,57.95617538936045,23.98713877047374,8.00408224690733,13.760486712778654,378439,19.3329334
Haiximengguzucangzu,Qinghai,NA,0,0,NA,NA,NA,NA,NA,NA,489338,32.86511287
Yinchuan,Ningxia,0,36,0,0.8237700544991007,35.087098202303324,63.98755538357821,80.10000237953673,36.164612416202324,13.384934317052215,1993088,0.365629922
Shizuishan,Ningxia,0,1,0,0.8536863425163657,28.968700559370966,67.6208754983755,90.84379959247373,42.04243344594219,27.53724843815376,725482,0.457795967
Wuzhong,Ningxia,0,28,0,0.5958040078590251,25.38568361877451,63.826555496944486,81.51215642160707,36.08419930962804,13.128615535021373,2354624,2.767873971
Guyuandiqu,Ningxia,0,5,0,0.7141573846408429,24.069222145370148,66.6190033387647,52.271662604474685,25.007634093040974,8.64849561396252,1228156,1.680483723
Wulumuqi,Xinjiang,0,845,0,0.9423820377360391,35.38219552147071,57.953892959475155,79.56283967525322,46.26681327047991,8.819487594431058,3112559,1.29550621
Kelamayi,Xinjiang,NA,0,0,0.6712931773740375,20.662044523185873,65.49509512894548,51.599081487787956,26.270066378874436,6.557737960812166,391008,0.896215342
Tulufandiqu,Xinjiang,0,3,0,1.0924552502595801,28.95600647069978,69.48461310714751,147.539985713822,49.76704834046077,8.767716714534247,622903,7.567100181
Hamidiqu,Xinjiang,NA,0,0,0.6688333477684002,23.696026385976857,66.49328433121791,89.95125297253036,29.36085357075523,9.191987063686662,572400,15.07739147
Changjihuizu,Xinjiang,0,5,0,0.8984574864757613,31.793410734012703,62.232453872828934,88.14679872219249,50.215618636292895,8.66747568030476,1428587,8.756427604
Boertalamenggu,Xinjiang,NA,0,0,0.5587017322844913,20.840747220948046,57.86269295403566,60.671438139458346,22.932023772670235,13.339385919574392,443680,2.85238367
Bayinguolengmenggu,Xinjiang,NA,0,0,NA,NA,NA,NA,NA,NA,1278486,49.45727807
Akesudiqu,Xinjiang,0,1,0,0.7264121556519487,27.93050224291415,62.64532280775772,202.30972944154252,60.831929909189036,7.445036138510212,2370809,14.04442098
Kezilesukeerkezi,Xinjiang,NA,0,0,NA,NA,NA,NA,NA,NA,525570,7.461948769
Kashendiqu,Xinjiang,0,80,0,NA,27.662969209756113,64.04813630663733,227.11830784668462,83.28125410987329,7.970538152735236,3979321,11.66670813
Hetiandiqu,Xinjiang,NA,0,0,NA,NA,NA,NA,NA,NA,2014362,25.25597709
Yilihasake,Xinjiang,NA,0,0,1.32905617279509,28.067962116631136,55.500769806552896,68.25654680351667,40.44770935868194,13.762354928901514,2482592,6.265072988
Tachengdi,Xinjiang,NA,0,0,NA,NA,NA,NA,NA,NA,1219369,11.0633044
Aletaidi,Xinjiang,NA,0,0,NA,NA,NA,NA,NA,NA,603283,13.87569217
Xinjiang (Direct Units),Xinjiang,0.1,10,1,NA,NA,NA,NA,NA,NA,770886,0.055276579
